label,support,one_vs_rest_kappa,one_vs_rest_alpha,positive_specific_agreement
PF_ADVOCACY,8,0.8518518518518521,0.8542635658914729,0.7777777777777778
PF_ATTACK,10,0.6666666666666666,0.6724738675958188,0.4666666666666667
PF_DEFENSE,10,0.6666666666666666,0.6724738675958188,0.4666666666666667
PF_PROPOSAL,8,0.724867724867725,0.7299249415528486,0.5
PF_APPEAL,8,0.8518518518518521,0.8542635658914729,0.7777777777777778
PF_INFO,9,0.7453703703703706,0.7482054698730819,0.5833333333333334
PF_DEFLECT,9,1.0,1.0,1.0
PF_PROCEDURAL,10,0.888888888888889,0.8908246225319397,0.75
